Workbook

Sheet Raw_Admission_Data
A1: Raw Data
B5: Admission Data | L5: Webiste Page Visits | R5: School Satistics
B7: Admission Level | E7: Fee Category | H7: Available Seats | L7: Page | N7: Monthly Visits | R7: Metric | T7: Value
B9: Playgroup | E9: Primary | H9: 150 | L9: Home | N9: 900 | R9: Total Students | T9: 1200
B11: Nursery | E11: Primary | H11: 180 | L11: About | N11: 620 | R11: Total Teachers | T11: 80
B13: Kindergarten | E13: Primary | H13: 200 | L13: Admissions | N13: 750 | R13: Years of Excellence | T13: 20
B15: Grade 1-5 | E15: Middle | H15: 350 | L15: Gallery | N15: 400
B17: Grade 6-8 | E17: Middle | H17: 220 | L17: Contact | N17: 300 | R17: Applications Analysis
B19: Matric | E19: Secondary | H19: 100 | R19: Class Level | T19: Applications
R21: Playgroup | T21: 120
B22: Fee Structure | L22: Time Table
R23: Nursery | T23: 160
B24: Class Level | E24: Fee Category | H24: Monthly Fee (PKR) | L24: Class Level | N24: Daily Classes | O24: Hours per Day
R25: KG | T25: 190
B26: Playgroup | E26: Primary | H26: 2500 | L26: Playgroup | N26: 4 | O26: 3
R27: Grade 1–5 | T27: 250
B28: Nursery | E28: Primary | H28: 2800 | L28: Nursery | N28: 5 | O28: 3.5
R29: Grade 6–8 | T29: 170
B30: Kindergarten | E30: Primary | H30: 3000 | L30: Kindergarten | N30: 6 | O30: 4
R31: Matric | T31: 85
B32: Grade 1-5 | E32: Middle | H32: 3500 | L32: Grade 1-5 | N32: 6 | O32: 5
B34: Grade 6-8 | E34: Middle | H34: 4000 | L34: Grade 6-8 | N34: 7 | O34: 6
B36: Matric | E36: Secondary | H36: 4500 | L36: Matric | N36: 8 | O36: 7

Sheet Admission_Calculations
A1: Calculations
B5: Admission Seats | I5: Applicants | Q5: Website Visits
B7: Metric | E7: Value | I7: Metric | L7: Value | Q7: Metric | T7: Value
B9: Total Seats | E9: =SUM(Raw_Admission_Data!H9:J20) -> 1200 | I9: Total Applications | L9: =SUM(Raw_Admission_Data!T21:U32) -> 975 | Q9: Total Visits | T9: =SUM(Raw_Admission_Data!N9:O18) -> 2970
B11: Average Seats | E11: =AVERAGE(Raw_Admission_Data!H9:J20) -> 200 | I11: Average Applications | L11: =AVERAGE(Raw_Admission_Data!T21:U32) -> 162.5 | Q11: Average Visits | T11: =AVERAGE(Raw_Admission_Data!N9:O18) -> 594
B13: Primary Seats | E13: =SUMIF(Raw_Admission_Data!E9:G20,"Primary",Raw_Admission_Data!H9:J20) -> 530 | I13: Maximum Applications | L13: =MAX(Raw_Admission_Data!T21:U32) -> 250 | Q13: Highest Page Visits | T13: =MAX(Raw_Admission_Data!N9:O18) -> 900
B15: Middle Seats | E15: =SUMIF(Raw_Admission_Data!E9:G20,"Middle",Raw_Admission_Data!H9:J20) -> 570 | I15: Minimum Applications | L15: =MIN(Raw_Admission_Data!T21:U32) -> 85
B17: Secondary Seats | E17: =SUMIF(Raw_Admission_Data!E9:G20,"Secondary",Raw_Admission_Data!H9:J20) -> 100 | Q17: School Satistics
Q19: Metric | T19: Value
B21: Fee Structure | I21: Time Table | Q21: Student to Teacher Ratio | T21: =Raw_Admission_Data!$T$9/Raw_Admission_Data!T11 -> 15
B23: Metric | E23: Value | I23: Metric | L23: Value | Q23: Years of Excellence | T23: 20
B25: Average Monthly Fee | E25: =AVERAGE(Raw_Admission_Data!H26:J37) -> 3383.3333 | I25: Average Classes Per Day | L25: =AVERAGE(Raw_Admission_Data!N26:N37) -> 6
B27: Highest Fee | E27: =MAX(Raw_Admission_Data!H26:J37) -> 4500 | I27: Maximum Daily Hours | L27: =MAX(Raw_Admission_Data!O26:O37) -> 7
B29: Lowest Fee | E29: =MIN(Raw_Admission_Data!H26:J37) -> 2500 | I29: Minimum Daily Hours | L29: =MIN(Raw_Admission_Data!O26:O37) -> 3
B31: Primary Avg Fee | E31: =AVERAGEIF(Raw_Admission_Data!E26:G37,"Primary",Raw_Admission_Data!H26:J37) -> 2766.6667
B33: Secondary Avg Fee | E33: =AVERAGEIF(Raw_Admission_Data!E26:G37,"Secondary",Raw_Admission_Data!H26:J37) -> 4500

Sheet Dashboard
A1: Dashboard
B5: Admission Capacity | K5: Summary | P5: School Satistics
K7: Metric | M7: Value
K9: Total Students | M9: 1200
K11: Total Applications | M11: 975
K13: Average Fee | M13: 3383
K15: Total Website Visits | M15: 2970
B24: Admission Demand | J24: Academic Load | P24: Fee Structure
J43: Website Usage
